0.0,-0.004026790219899298
1.0,-0.282502191755724
2.0,0.7336188564804562
3.0,1.384086337263072
4.0,-1.9977223378508364
5.0,-0.7332362999827039
6.0,1.0956657343556557
7.0,0.9666629064586589
8.0,0.6007433247297294
9.0,1.3658565070595832
10.0,-0.705501547600671
11.0,-1.473655846881116
12.0,-1.9526971650834357
13.0,-2.9834084425411618
14.0,-1.1617091768495913
15.0,0.47269599526584083
16.0,-0.005896188196663776
17.0,1.8393040845110824
18.0,1.68083835715127
19.0,0.3613933869446173
20.0,1.269067996311062
21.0,-1.071143228063008
22.0,-1.3424003357229488
23.0,-0.8756571323611873
24.0,2.585048754916067
25.0,-1.7904100507683618
26.0,-0.042559970687608945
27.0,0.2703979710955423
28.0,-0.8197685160468194
29.0,-2.1137277869503626
30.0,-0.7721136789866196
31.0,-0.32649949764805086
32.0,2.0358423135184656
33.0,1.933682445067949
34.0,1.571125787678331
35.0,0.4781088359724462
36.0,0.7446481467763675
37.0,-0.038631078851684084
38.0,0.02355469824282693
39.0,-0.6370197864004297
40.0,-2.3035129379935215
41.0,1.4838322872537693
42.0,0.8654514464872108
43.0,2.7942827740986202
44.0,3.619214392658547
45.0,0.7498489242932929
46.0,2.0048596372505685
47.0,-0.20457574388135588
48.0,2.479447882033427
49.0,0.3190357164367288
50.0,-1.798870809340625
51.0,-0.46613663565083113
52.0,-1.4384962468491418
53.0,-0.635917379947548
54.0,2.8006025572057425
55.0,2.21674724710164
56.0,3.7673193077539335
57.0,-0.5049673169026407
58.0,-0.682952048485848
59.0,-1.2956020732908626
60.0,1.177104858516757
61.0,-0.6284389191932827
62.0,0.6025437964694096
63.0,0.24959445645240405
64.0,0.9820109934331785
65.0,-0.9073518701369231
66.0,1.2540677733275467
67.0,-1.09348478239007
68.0,-1.260843293988834
69.0,-1.6185178452185733
70.0,0.8482441357716203
71.0,2.350236731489148
72.0,-0.28553258780749075
73.0,-2.9613898179486453
74.0,-0.5101568046642774
75.0,-1.3414099829637376
76.0,-2.569669354107969
77.0,-3.228739890029833
78.0,0.3226659560836242
79.0,-0.2561680887803616
80.0,0.029266064122533172
81.0,-2.3511420690743434
82.0,-1.1081013279876353
83.0,-1.1333166762308917
84.0,-1.2107076625564577
85.0,0.3574868620439876
86.0,-0.370570874217807
87.0,0.2074278298487676
88.0,0.34571107674458906
89.0,-0.5039500924406362
90.0,0.2033480057939192
91.0,-0.8070510814794427
92.0,-0.0005700021590575303
93.0,-0.08694972768339579
94.0,-0.6544755912276081
95.0,2.2650075499790776
96.0,-1.3261194736039217
97.0,0.25988581266733707
98.0,-2.9355273246292146
99.0,-1.3135160818548166
100.0,-0.7174845401998765
101.0,2.9536994255404703
102.0,2.9063880713377483
103.0,-2.7922954214290097
104.0,-0.40088334901167333
105.0,-0.6520281337701898
106.0,-1.602732176086903
107.0,-1.569614318653924
108.0,-0.06727633447919842
109.0,-1.2771956988801174
110.0,-0.19017088600821636
111.0,0.5138377829895001
112.0,1.9479650375684345
113.0,0.17282807234145925
114.0,-0.35501026758579685
115.0,-1.178789614607413
116.0,0.1853748370739587
117.0,2.6819888442313418
118.0,1.3043145303477675
119.0,1.7728320261790802
120.0,1.020654636141792
121.0,-1.9274365600321322
122.0,2.4392283655475255
123.0,2.25666918411524
124.0,0.8614299143872008
125.0,-1.0478582376219294
126.0,2.2622776272440888
127.0,-0.3296330647351894
128.0,-1.9106686950802347
129.0,-2.9079259014910495
130.0,-0.05675472059435028
131.0,0.5500277354356329
132.0,2.180376430369231
133.0,1.3765629005839746
134.0,0.539586833651833
135.0,0.4943539324449876
136.0,1.7617342877315847
137.0,0.10510540662507209
138.0,0.381070688065388
139.0,-0.06729050845823979
140.0,0.597661541490291
141.0,0.8459254818372034
142.0,0.051574528862200784
143.0,0.6883291214441002
144.0,-1.656317830906852
145.0,0.7551105589513207
146.0,-0.9252117875030113
147.0,-0.5114194570274494
148.0,-0.39959081725435835
149.0,1.8328715320127844
150.0,1.6306177453467874
151.0,2.564003298329401
152.0,1.2728668729547195
153.0,0.37769955277855
154.0,-2.6360279221929392
155.0,-0.8776314375750861
156.0,2.526628611254702
157.0,0.6172227426703834
158.0,-0.4711211945789341
159.0,0.1853518829591923
160.0,-0.7516572428662405
161.0,-1.2188623703259958
162.0,-0.18678741234327342
163.0,0.48712790281866897
164.0,-0.47117392652153256
165.0,-0.9947959597433423
166.0,-0.5817262552211425
167.0,1.424158958007617
168.0,1.8840413486703782
169.0,2.1456277532341623
170.0,-0.4655036590400676
171.0,1.30798961024453
172.0,2.716090729290589
173.0,-2.9374327537146194
174.0,0.41353164379686064
175.0,0.03846840525261461
176.0,2.4606017792053074
177.0,0.25821970000089395
178.0,0.24610950680435226
179.0,1.1820422409563287
180.0,1.2839359790199303
181.0,0.03612270027405039
182.0,-2.1516350305794067
183.0,1.4117865813759907
184.0,1.6956246427996038
185.0,2.0945450355703303
186.0,1.05770225948283
187.0,-0.08548711578847225
188.0,-0.26631582624760686
189.0,0.8088819883102234
190.0,0.7467856084491878
191.0,-0.9279191528767644
192.0,0.11886937676512543
193.0,-1.9940145307478263
194.0,1.0580006047660782
195.0,0.7626416526874852
196.0,1.8630816495712421
197.0,0.6662603456448695
198.0,1.8695178637801095
199.0,-0.1686747315885511
200.0,0.25876479901298133
201.0,1.8054956246127574
202.0,1.2947200515621802
203.0,1.997091582826576
204.0,-0.155088070046849
205.0,0.4251925140732881
206.0,-1.3092134148396233
207.0,1.1000011395494391
208.0,-0.8793052981313703
209.0,2.060409792567981
210.0,-1.0085602956379542
211.0,-1.2554132117806482
212.0,1.5895747995920848
213.0,1.2245470551893483
214.0,0.5440541921917269
215.0,-0.22853938522759237
216.0,0.16138184541375625
217.0,-1.440909223051106
218.0,-0.5631017933423901
219.0,-0.8110482314402206
220.0,-1.5633261466749848
221.0,-1.4251628561001097
222.0,-2.3362921028992663
223.0,-1.4681547586504053
224.0,-0.8731171386535295
225.0,-0.9001721739584351
226.0,0.6325166478550556
227.0,-0.6086897574639888
228.0,-2.155961269813674
229.0,-0.9110423698153621
230.0,1.9846092190925364
231.0,-0.7802645592320009
232.0,-0.8077562053850404
233.0,1.8910543024163327
234.0,1.3975965038221492
235.0,2.7336979457935695
236.0,0.7452470087164991
237.0,-3.906166860837401
238.0,-0.6377760910983646
239.0,-0.6151004085840699
240.0,-0.21445522494205363
241.0,-1.113709722483697
242.0,-1.7923045668305422
243.0,2.3867250171875094
244.0,1.1120680884930285
245.0,-0.9952019386896582
246.0,1.0191692804216004
247.0,0.1969817124868131
248.0,-0.640205387008429
249.0,1.0124419020324136
250.0,-0.3707804319258748
251.0,-0.8223084603810248
252.0,-2.1009016962256224
253.0,-0.166801180080122
254.0,0.5694872626372167
255.0,3.4490002862095306
256.0,3.5302098527241372
257.0,3.8028039390586854
258.0,3.9169253492716605
259.0,3.653996216909565
260.0,1.870657177344369
261.0,3.0774412716112916
262.0,3.775348577825769
263.0,2.1128764050345707
264.0,2.1380038623860482
265.0,0.7137244688292864
266.0,4.139270673703378
267.0,1.766310837160483
268.0,2.1833618539855544
269.0,1.9368948530017063
270.0,0.7014978219821493
271.0,1.1419485502884923
272.0,-0.5033373048663466
273.0,-1.4826543227096547
274.0,1.7536827301133315
275.0,-0.07890348867561743
276.0,0.8024959957501778
277.0,0.33109840326008383
278.0,1.1778053011373641
279.0,-0.29994820882478374
280.0,0.8815753323157555
281.0,1.5565953312619019
282.0,-0.49306171216300937
283.0,0.5310444920472523
284.0,-0.25042896475409376
285.0,0.5603383580259322
286.0,1.9500383399888082
287.0,0.44425073091193795
288.0,0.18933607470703115
289.0,-0.04182808910777316
290.0,0.7629847926223517
291.0,-0.7998274954595798
292.0,-0.8460010853268219
293.0,0.45631815399490677
294.0,-2.4839943153262345
295.0,-1.4889691873729758
296.0,-1.2878854977843142
297.0,-2.439872203618473
298.0,-1.5829175756649239
299.0,-1.7277464862114398
300.0,-1.8295230981969979
301.0,-1.1922850513989371
302.0,-3.028664843628284
303.0,-0.7179167674388287
304.0,-2.138589658331481
305.0,-0.5050098996521475
306.0,-0.8140267602066382
307.0,2.3596445623477673
308.0,-0.8561394699395181
309.0,1.9317459591438724
310.0,0.9422856360847222
311.0,-0.19787025786627438
312.0,0.16975259201165865
313.0,-0.26611769544708963
314.0,-1.278139064617413
315.0,-0.28375130879761357
316.0,-0.34854086148068947
317.0,0.035212375158042736
318.0,-0.9157177771847881
319.0,-1.1153248982850135
320.0,-2.296644823644933
321.0,-0.34458175439996847
322.0,1.2297315296213132
323.0,-0.4279345821096098
324.0,0.3067001773126869
325.0,-1.509328687631076
326.0,1.090947009495771
327.0,1.4911287230814463
328.0,1.142408015642647
329.0,-0.3542627365019197
330.0,-0.303835642268797
331.0,-1.0825953336889027
332.0,-0.33580427313448613
333.0,1.4629669835097776
334.0,-3.245964392326997
335.0,-0.9700711802061454
336.0,-1.3818157014092625
337.0,-3.420516188933808
338.0,-2.8939183289345363
339.0,-0.7152549757950655
340.0,-0.9390302852952004
341.0,0.2541677538120566
342.0,-0.548932782490442
343.0,-1.250718875729802
344.0,0.7418191984294059
345.0,-1.2109356173749417
346.0,1.0296005957749224
347.0,-0.7592324604032192
348.0,0.28345878923660583
349.0,0.7133666343359918
350.0,1.9193402531017496
351.0,0.7013919033923
352.0,1.6615946883683241
353.0,-1.2425338226488325
354.0,1.3416697391095629
355.0,2.398553119420365
356.0,1.7516595537325097
357.0,0.14376534075906794
358.0,-0.025039978291208572
359.0,1.5195248562247292
360.0,-1.1506616177601987
361.0,2.05232614835262
362.0,0.04942715275563939
363.0,-0.05714815409233502
364.0,-1.6803710825920306
365.0,-0.6855475374626147
366.0,-3.9088689166624957
367.0,-0.6178710153811988
368.0,0.441689229563228
369.0,2.0770763003268446
370.0,0.26961365983061936
371.0,-1.304756059031905
372.0,0.4250262642280742
373.0,0.06304660856764205
374.0,0.5416115921920843
375.0,-0.2265576818935455
376.0,-0.8725893660883959
377.0,-0.26431814485813354
378.0,-2.8386032944523425
379.0,-1.4942742278835135
380.0,0.7521148286901974
381.0,0.49851912395974024
382.0,-1.110647395058984
383.0,1.0085003097246754
384.0,1.3669458112175599
385.0,-0.6849345586084138
386.0,0.14799300432031032
387.0,-2.0105133609172956
388.0,2.5376728431404105
389.0,1.6445640465935913
390.0,-0.4293125051551928
391.0,-1.6237914826870776
392.0,-1.4454228422564304
393.0,2.415386797922853
394.0,1.992246848496731
395.0,3.619749225296828
396.0,0.6074198533382948
397.0,0.8199185300356371
398.0,1.6905405647497105
399.0,-2.883108348955975
400.0,-0.5574373897935078
401.0,0.3584111015507996
402.0,1.1420184670392899
403.0,0.9401414373360637
404.0,0.309877094149693
405.0,-0.5179446563211899
406.0,1.1584524823732683
407.0,0.5277988148076982
408.0,0.38267421810806135
409.0,2.285072515098977
410.0,0.7301218881840283
411.0,0.43633768075362767
412.0,0.823047052210789
413.0,1.640271350262978
414.0,0.686392929772712
415.0,2.8175292584135145
416.0,0.45051776643874375
417.0,0.49047571491651404
418.0,-1.0021551687280095
419.0,1.723648209678105
420.0,-0.5583532092277721
421.0,0.9897579323314101
422.0,2.9986552658040266
423.0,1.3281887624846245
424.0,-0.20717031157024848
425.0,1.8863398183766962
426.0,0.745098196008328
427.0,3.31559802644258
428.0,1.5406062224567556
429.0,2.6127985413800205
430.0,2.74610702368395
431.0,1.3182540330960648
432.0,0.7414678643501951
433.0,0.6305346420463256
434.0,-0.5671261840184063
435.0,3.8776332701337934
436.0,5.090448811061731
437.0,0.9425785990757544
438.0,1.851019834932225
439.0,0.2053306142312559
440.0,1.662801580750427
441.0,2.1092906318381264
442.0,1.736038008988025
443.0,1.4128170425180193
444.0,3.251126269752983
445.0,3.036447306779609
446.0,1.6529760176823016
447.0,1.2311099940546297
448.0,-1.7478493674116977
449.0,-1.7658411600195354
450.0,1.4417522351359613
451.0,1.4739339109330836
452.0,-0.8657404817222856
453.0,0.9349718212569231
454.0,-2.6620255460673468
455.0,0.6221123571125766
456.0,0.721747182271623
457.0,-2.5700130021369723
458.0,-1.2675126934484988
459.0,-0.8802030578921681
460.0,1.1444738300862716
461.0,-0.6524196387193798
462.0,-0.1032878254345447
463.0,-1.5544091514027887
464.0,-0.008514992639557288
465.0,-1.2987782532638688
466.0,1.8896252598651513
467.0,0.6539510617437153
468.0,-1.1404758272792603
469.0,-2.587244039384579
470.0,-1.9661271085531096
471.0,-1.9436669426569593
472.0,-1.0746806760123353
473.0,1.067830506702399
474.0,-1.1222139303380998
475.0,0.2646356325801605
476.0,-1.5492864172499252
477.0,-0.8159723123329242
478.0,-2.376093745685629
479.0,-0.687521620290642
480.0,-0.27242404490148325
481.0,-0.29343225622089797
482.0,1.0910825947836271
483.0,0.7813921360472987
484.0,0.6531544415732237
485.0,-1.63621514281588
486.0,-1.7514035794853946
487.0,-0.049200701488692454
488.0,-0.40725996095589967
489.0,-2.0251214969271687
490.0,-2.676249615273695
491.0,-1.9961311395287964
492.0,-3.897039317579872
493.0,-3.111383605845928
494.0,-0.18409006930810856
495.0,-0.5522377721824652
496.0,1.4890256470638874
497.0,-0.7844885984409133
498.0,-3.0771356480700782
499.0,0.5859681598203658
500.0,1.022493695372923
501.0,-0.6147218509136002
502.0,-0.18460302034488446
503.0,-1.0898029947477588
504.0,-0.4697694898090526
505.0,-3.5543515347266887
506.0,-2.1604518794079235
507.0,-1.249565835433873
508.0,-0.011103716275629394
509.0,-2.0818703147478916
510.0,-3.2450476881797528
511.0,-3.623004563279881
512.0,0.6849298409813911
513.0,-2.618080575647971
514.0,-1.5431343436848894
515.0,0.4084757906423156
516.0,0.5446104702561456
517.0,-0.3328760359795442
518.0,-0.12586048831709282
519.0,0.16758920142889708
520.0,-1.518876239166105
521.0,-2.269571210184949
522.0,-1.2015049242888975
523.0,0.1373252682207157
524.0,0.028834108103183806
525.0,-0.8344342042120095
526.0,0.5928094895128699
527.0,0.390319870062657
528.0,-0.4895972174277939
529.0,-0.3379221877421808
530.0,-1.8406257746706007
531.0,-0.5496268309321102
532.0,-0.27078003681072443
533.0,0.42238353269490225
534.0,-0.06231968650156903
535.0,-1.033724936786684
536.0,-0.8534496582590418
537.0,1.2018510557194362
538.0,-1.0626001187360363
539.0,-2.439632977819298
540.0,-2.3654100026719913
541.0,-1.5417044560692093
542.0,0.617285753610909
543.0,1.1015635682686091
544.0,0.6352660984406332
545.0,0.6919881309855155
546.0,-0.9686917985603987
547.0,0.48368620696333386
548.0,-0.6114871380170628
549.0,2.198025585924012
550.0,2.2667662720801602
551.0,-1.997184330536889
552.0,0.9394251215364763
553.0,0.904904608366517
554.0,0.19397707133874176
555.0,0.07907767786537638
556.0,-0.8652503092734959
557.0,-0.6152673755887661
558.0,1.6794421970066844
559.0,1.959376123566573
560.0,0.34526545499820693
561.0,-1.1053303597995907
562.0,-0.2661504116264131
563.0,0.8953213341045626
564.0,-1.5211566809397408
565.0,-2.297379228079182
566.0,-1.9620913517700396
567.0,-0.5560568132946545
568.0,0.21257128424314392
569.0,0.5798197196646963
570.0,1.2875603609646864
571.0,0.018849686041852814
572.0,1.679055935972043
573.0,-0.9918049541053732
574.0,0.3163538519279286
575.0,-1.7953025204085318
576.0,-2.1862024921541754
577.0,-0.506006077885233
578.0,0.6526589045940385
579.0,0.513436084525317
580.0,-0.19387944751398847
581.0,-0.4690615323964913
582.0,0.68569451377186
583.0,1.2576986061291466
584.0,-0.5854506840000886
585.0,2.154281749590198
586.0,1.062332208784405
587.0,3.555586273721325
588.0,0.5208637640756643
589.0,2.150556891514186
590.0,2.4411762439631626
591.0,-1.3192746872966556
592.0,0.43659919599956887
593.0,0.5107456129171559
594.0,0.4637591036765683
595.0,1.11650791667659
596.0,0.10909671374749477
597.0,0.7960564854052685
598.0,-0.021945272162389593
599.0,1.8356922549274741
600.0,-0.04612814008200831
601.0,2.2212035060325657
602.0,2.226702735693224
603.0,1.3095509833637267
604.0,0.11944047840541352
605.0,-0.07068051709738138
606.0,-0.2785180956360235
607.0,0.3413099718216736
608.0,2.100421945502121
609.0,-0.79043876012966
610.0,0.341179951138577
611.0,0.6465859269011576
612.0,0.3734844769504314
613.0,1.5846141198387287
614.0,0.8762250242498281
615.0,1.2439749429217202
616.0,0.8123165792234354
617.0,-0.19325198125160747
618.0,1.2780522316600618
619.0,0.591242826801304
620.0,-0.44684805494858776
621.0,-0.5687405971673074
622.0,1.4913555864641115
623.0,1.0016108800066148
624.0,0.415763698846627
625.0,0.19544504954230948
626.0,1.1597369709172014
627.0,1.1920272844744737
628.0,2.499524101221361
629.0,0.6914793066051383
630.0,0.8496724234585741
631.0,1.3742013116355623
632.0,0.5410519951062919
633.0,2.0608469551170465
634.0,1.3801714071688078
635.0,0.30586514666175296
636.0,0.9574498373086987
637.0,2.7085062623218263
638.0,0.8875473838289463
639.0,0.5333347333736308
640.0,0.5717242067796205
641.0,1.9364717170443857
642.0,-0.3140904090898121
643.0,-1.0494825285641056
644.0,-1.5635304475078888
645.0,-0.35668917603239014
646.0,-2.528992629359747
647.0,0.8967442308530555
648.0,-0.9966634353135335
649.0,-0.4017689714094432
650.0,0.12399273519305276
651.0,-0.14757886776484203
652.0,1.0594629627594832
653.0,-0.2103275826154011
654.0,1.6361019612963832
655.0,-0.22040942834347976
656.0,-1.102959030644251
657.0,0.7674218923889101
658.0,1.813096050643364
659.0,-0.7991014177617507
660.0,0.993017774331541
661.0,-0.15661111240793316
662.0,-0.7195265445809519
663.0,2.465030409170317
664.0,1.856934319328964
665.0,3.0901388150771902
666.0,3.8290725860922996
667.0,2.362432595062304
668.0,-0.533052252430645
669.0,-0.022171780227141825
670.0,1.0559132354631133
671.0,0.08039217198021807
672.0,0.6956791643474326
673.0,0.2154071375003138
674.0,2.4051234086281856
675.0,2.2718428566273325
676.0,1.0555022456573897
677.0,2.7505832459625505
678.0,1.226346491002027
679.0,-0.13875376212822807
680.0,-0.16772006420068086
681.0,0.8304770765571595
682.0,-0.9830672481869964
683.0,-1.8079664289999948
684.0,0.2736129783812045
685.0,0.3685499600151887
686.0,0.5766840758156915
687.0,-1.7791983791076011
688.0,-0.19695126368461005
689.0,1.8077165462314306
690.0,2.7537882879994604
691.0,1.051390049086089
692.0,0.858874258826157
693.0,0.8698735052809901
694.0,0.9379055423682409
695.0,-0.4347099005017025
696.0,-0.6467144148646324
697.0,2.663935255772698
698.0,-1.3237444678238017
699.0,0.9693783047864397
700.0,-1.468414846937595
701.0,-0.030102689403409027
702.0,-0.819077388645628
703.0,2.4468937725759243
704.0,1.7906358496787456
705.0,2.108730890710352
706.0,0.1919802165615846
707.0,1.8646700516309958
708.0,-0.37149163439615557
709.0,-2.148105450571331
710.0,-1.7359543686683845
711.0,-2.3292493382998014
712.0,1.637150068544576
713.0,0.021976696187580944
714.0,0.9160629925258402
715.0,0.7344896431881048
716.0,1.3643250007584091
717.0,2.521302791680889
718.0,2.2692317089069434
719.0,-0.76449284923788
720.0,-1.4409141177947162
721.0,-0.8416206731994295
722.0,-0.3189644587204741
723.0,3.057049868802747
724.0,-1.8148197681771139
725.0,1.215432443055474
726.0,0.4943841600289658
727.0,2.1020528157516813
728.0,2.1316789626850823
729.0,3.281518942583359
730.0,0.4835914094537416
731.0,2.879533628779382
732.0,-0.5586195082901323
733.0,2.7322786226445843
734.0,1.1532743853074008
735.0,-0.6749422491706532
736.0,-1.0694017715161586
737.0,-1.652927501162136
738.0,-1.2477084948901926
739.0,-2.0590984593324126
740.0,-0.3270788446313161
741.0,-2.0654338196450857
742.0,-0.319494434555912
743.0,-0.8476090643826675
744.0,0.28272013385612194
745.0,0.9696942026336506
746.0,2.988545957746064
747.0,0.8707240237438097
748.0,0.4181114068838326
749.0,-3.1043056889353444
750.0,0.29928126967880886
751.0,2.4240598031198357
752.0,0.23860020732320597
753.0,-1.7183753384553808
754.0,-0.2261760526233742
755.0,1.3549724795313651
756.0,1.806423044280163
757.0,1.365975807541975
758.0,-0.3919019471786954
759.0,0.6721277994798041
760.0,-0.7064329083883745
761.0,-1.5921191911554686
762.0,1.2982414599296201
763.0,-0.21519011701661733
764.0,-3.515902388442885
765.0,-0.6870850008242306
766.0,-1.029321382280273
767.0,1.0128669774816095
768.0,1.6228955137916106
769.0,-0.9781610277400801
770.0,-0.7731279273490856
771.0,2.252397211892752
772.0,2.4974727159767447
773.0,-0.8432811341391407
774.0,-0.1712166920219498
775.0,0.3551577948171722
776.0,-1.0734636838995413
777.0,0.15876037322521694
778.0,1.8506529422847413
779.0,1.5298193965189297
780.0,1.5005122080227098
781.0,0.5664609473322502
782.0,-1.043623886723456
783.0,-0.47692334777326867
784.0,2.7861793333343465
785.0,1.4527516548063701
786.0,0.22510452633336964
787.0,1.1168060613639244
788.0,-1.4099879970541784
789.0,1.7654023494675049
790.0,-1.467753198080707
791.0,1.0881408752141875
792.0,-0.7667162709025176
793.0,-1.2699614524217335
794.0,-4.834501503162569
795.0,-0.8972745553270873
796.0,-0.5136815276921126
797.0,-1.4200530618978298
798.0,-0.5258381506245757
799.0,2.5168510324592783
800.0,0.05507977757340959
801.0,0.7097417682049694
802.0,2.990391787261892
803.0,-2.136676835376208
804.0,-3.723392145872362
805.0,-1.1116709702787042
806.0,-0.2503377667188869
807.0,2.419331611892456
808.0,-0.5204869389575596
809.0,-1.2494443339652352
810.0,-0.9964289214335119
811.0,0.6028617367571405
812.0,0.13661494468177535
813.0,1.346305792269765
814.0,1.337538827609897
815.0,-2.81388376473773
816.0,-2.381604749784452
817.0,-0.8034329397902649
818.0,1.1425040926581083
819.0,1.1283143901824015
820.0,1.5898020056188995
821.0,1.8947455306727257
822.0,0.2991080443712973
823.0,-2.133477518779227
824.0,-0.3385808191440317
825.0,0.1397000343608531
826.0,1.6334239295741353
827.0,-0.15100056752417906
828.0,0.3221112014994431
829.0,-2.497927264147352
830.0,-0.4763539233315044
831.0,-0.12867923399238745
832.0,0.731501661081185
833.0,-0.728365378603935
834.0,1.0383266622734035
835.0,-1.3953349202042726
836.0,0.9254401694650433
837.0,4.631871321879747
838.0,-3.4799995529438865
839.0,-1.4768655000323976
840.0,-1.2258064341771486
841.0,-1.2450190332212343
842.0,-0.9444027137817652
843.0,-3.2164508082038874
844.0,-1.5243603742668028
845.0,0.7695332595782078
846.0,-1.1135617978302224
847.0,-0.09793052935765666
848.0,-0.04707651262997742
849.0,0.6250777478277623
850.0,-0.49215767793154086
851.0,-0.8736897993780702
852.0,1.9063685861520514
853.0,2.336554654591419
854.0,0.3531918888703467
855.0,-1.7266309872771681
856.0,-1.560343465802464
857.0,0.1548713471790952
858.0,-0.4047811671887516
859.0,0.7902362943649072
860.0,1.507656159782478
861.0,1.0658626807978981
862.0,0.004135823300815283
863.0,-0.8719586848015709
864.0,-0.3214754547626531
865.0,0.08836521122671115
866.0,1.8826017401137207
867.0,1.5785787816417152
868.0,-0.5112241522217497
869.0,0.5839555084197635
870.0,-1.2323108656068222
871.0,-1.4118973844411873
872.0,0.1338918630206535
873.0,1.1022834390388194
874.0,-1.8236383624667925
875.0,0.4976478423082357
876.0,0.473404653697366
877.0,-0.3793074725372988
878.0,-1.1100221546625728
879.0,0.80526315209694
880.0,0.20619271872129613
881.0,-0.5021629756013327
882.0,-1.0892604212307115
883.0,-1.5435433086396293
884.0,1.0114730850156222
885.0,0.09898670623139381
886.0,1.472706885711542
887.0,0.9702998254551815
888.0,-0.031069694522435295
889.0,0.2039131629488662
890.0,-0.6891661041840212
891.0,0.40486698707919966
892.0,2.3279559437119683
893.0,-0.08021413054258925
894.0,1.6529544392568134
895.0,0.4268784214399824
896.0,-0.8747169233423292
897.0,-1.0220696571505643
898.0,-3.2483247269115427
899.0,-1.9994230776051196
900.0,1.9404568040002619
901.0,0.29111794820917714
902.0,-0.7710782744455207
903.0,-0.014746415621606489
904.0,0.22408135186000225
905.0,1.5965282143376764
906.0,2.9274456597857923
907.0,-2.4994629286862327
908.0,-0.10052209456395948
909.0,2.2096571980921067
910.0,0.5141601543329539
911.0,1.8335313644038733
912.0,1.6415532718260988
913.0,1.2961106484879321
914.0,0.03568008759395948
915.0,-1.7073688842446157
916.0,-2.893741746872953
917.0,0.040061934005526996
918.0,-1.135479308722808
919.0,0.022006799151530913
920.0,-0.16151395692738615
921.0,-1.4025257114462848
922.0,-2.116719569866687
923.0,-0.5817245504391326
924.0,-1.603563685594275
925.0,-1.4962267624385488
926.0,-1.9279729572585742
927.0,1.0333821417845865
928.0,-1.7359395267673863
929.0,1.2539794685334262
930.0,0.5222792417817821
931.0,0.291976845659112
932.0,2.709311200834932
933.0,-1.2436622506016204
934.0,-0.7169952945785186
935.0,-2.9701549754959577
936.0,1.9755497457581381
937.0,0.6573926177128117
938.0,0.4369236496486891
939.0,2.4355057150928197
940.0,0.6937786663677125
941.0,-1.3023872476793728
942.0,-3.5056702009514655
943.0,-4.655327265573003
944.0,-0.6451617567224643
945.0,-1.4952389674453854
946.0,2.217722474496301
947.0,4.060326434862915
948.0,1.6523245412939673
949.0,0.7010575449866931
950.0,1.6633756659367909
951.0,-0.7938622677529712
952.0,-1.8019266733411319
953.0,-1.8323379644166549
954.0,-2.0375012612177734
955.0,-2.1440025797744693
956.0,-0.7645411112709412
957.0,-1.728960019093005
958.0,1.2581058169651544
959.0,1.2666199107397333
960.0,0.6740596717787215
961.0,-0.2821723464581651
962.0,-0.3214873271224371
963.0,-0.7910563948583664
964.0,-1.4227240899342881
965.0,0.5373576743274125
966.0,1.3546257841603464
967.0,0.8072129247016957
968.0,1.746823027819759
969.0,-0.039373440946418585
970.0,-0.6471151676214695
971.0,-1.3156470214951979
972.0,-0.8219426959333641
973.0,-2.5969752759559683
974.0,-2.541095187543736
975.0,0.9335533412779032
976.0,1.0203141675572942
977.0,0.40735258772237226
978.0,-2.1356736189120404
979.0,0.09126319449809714
980.0,0.0954051275958054
981.0,-3.1766874321615663
982.0,0.22226510718236267
983.0,-1.5885377629971833
984.0,-1.6780292138947526
985.0,1.9807467840669248
986.0,1.5474506036000848
987.0,0.3083054946963922
988.0,-0.37132793366079875
989.0,1.2319587925932631
990.0,-2.574953095271154
991.0,0.853102457337729
992.0,-0.5462049669850259
993.0,0.8756755305363084
994.0,0.7146253560470046
995.0,-0.4569697740548146
996.0,0.585305531162381
997.0,0.15289583164878087
998.0,1.475418563461868
999.0,5.910307536589473
1000.0,1.0657562146654682
1001.0,2.188921116587109
1002.0,0.07455707208731856
1003.0,2.4898876710698508
1004.0,3.0468812853124256
1005.0,0.10013675171271938
1006.0,-0.30339983238638535
1007.0,0.3506582915740302
1008.0,2.334846504606246
1009.0,2.596662484907517
1010.0,0.38921929395907207
1011.0,0.523053651196894
1012.0,0.3989845968928107
1013.0,0.8851620930643483
1014.0,-1.9568550620762832
1015.0,-0.3841297445363703
1016.0,-2.0993322162139387
1017.0,-0.34226161958275475
1018.0,-1.5182286881863591
1019.0,-0.4914533745215472
1020.0,0.3147274132870627
1021.0,3.484064583630792
1022.0,1.773951766351296
1023.0,1.1941071010199433
1024.0,-0.5048361739159262
1025.0,-0.11555236942266603
1026.0,-0.15423013185022902
1027.0,1.4373016887316286
1028.0,-0.013696563482817718
1029.0,2.4527113415619897
1030.0,2.3722924446018605
1031.0,0.5599345889944245
1032.0,-0.4197212099741064
1033.0,1.4177348453188698
1034.0,1.6740455796314733
1035.0,1.3878406931234553
1036.0,0.8424661295782838
1037.0,3.617399685521664
1038.0,-0.2683575231954255
1039.0,-0.2909319065445997
1040.0,3.0412536296901567
1041.0,1.5878160624674469
1042.0,0.6087869605919319
1043.0,0.9045541650011362
1044.0,-3.12233463029627
1045.0,-0.38470508995210684
1046.0,1.0236203638467856
1047.0,-0.5902519233317792
1048.0,-2.246421934987373
1049.0,-1.112130302425266
1050.0,-2.428515576357038
1051.0,0.49089504595536
1052.0,2.297081386863049
1053.0,-0.9094497903862585
1054.0,-0.7992852810390856
1055.0,1.3539848888643553
1056.0,1.3183757967153396
1057.0,-0.44672213050216336
1058.0,-0.19910014905659484
1059.0,-0.2747950495816747
1060.0,-0.4777270012482338
1061.0,-0.8342105928180271
1062.0,-0.056449372511396784
1063.0,0.8604021252401786
1064.0,-2.3045664613193884
1065.0,-0.686441867140604
1066.0,-0.7024098633322152
1067.0,1.2161449010778151
1068.0,1.8203601796361124
1069.0,-0.34770063325794165
1070.0,-2.561440768329103
1071.0,-1.717479847827769
1072.0,-1.8858465817221075
1073.0,-0.0647866916523541
1074.0,-2.102700988642278
1075.0,-1.3676316167996065
1076.0,0.004362221523630971
1077.0,0.15350289525602837
1078.0,-1.0881527280610948
1079.0,-0.36680277530606525
1080.0,1.454041132782806
1081.0,-2.169466804674847
1082.0,1.151670892056727
1083.0,0.1597309411526095
1084.0,-1.3522268394048371
1085.0,0.15225279162397265
1086.0,-0.6329661931733274
1087.0,-1.0844797273190085
1088.0,1.108060079794532
1089.0,2.0977471379235832
1090.0,-0.8311615332672024
1091.0,-0.5853146685954116
1092.0,1.4219209307600553
1093.0,1.0003034620298925
1094.0,1.495859356995463
1095.0,0.8531939340083929
1096.0,0.4828663080972941
1097.0,1.6146361893596382
1098.0,1.5802900473526293
1099.0,0.5543301548236313
1100.0,-0.9598966822039912
1101.0,-2.9548428140076597
1102.0,-5.4315719542152054
1103.0,-1.4660805767554348
1104.0,-0.7285883000467928
1105.0,-0.6812370234484135
1106.0,-0.6816819652865276
1107.0,-0.3314123251003644
1108.0,0.045679152123737105
1109.0,0.47418659866002605
1110.0,-1.048802781437924
1111.0,-2.724061186063588
1112.0,-2.8690006491672007
1113.0,-0.6633114749441084
1114.0,0.6952612809493829
1115.0,-0.2837885379212563
1116.0,-1.6863819675315481
1117.0,-0.2445218898279413
1118.0,-1.6597321446855806
1119.0,-1.9492802395602262
1120.0,-0.6114982952106894
1121.0,-0.3685958454344485
1122.0,2.4112267548135526
1123.0,2.1948696960217515
1124.0,0.6470115645820465
1125.0,0.31221637666633173
1126.0,0.31306687934782296
1127.0,0.9189398821970767
1128.0,0.7201454530264857
1129.0,-2.591534554145262
1130.0,0.597380600505758
1131.0,0.37262148653120164
1132.0,1.5061296496181695
1133.0,0.4250951844558897
1134.0,1.2223935833129158
1135.0,0.9454450904192132
1136.0,1.0998261435736456
1137.0,-0.7967255016241405
1138.0,0.21328503605686094
1139.0,0.7254465453963431
1140.0,5.695897461784278
1141.0,4.457516894100477
1142.0,-0.0834116720607203
1143.0,0.046207803514291476
1144.0,0.43053247795613053
1145.0,2.605043005130022
1146.0,2.17234155445363
1147.0,0.3844096582004047
1148.0,0.003985426773504859
1149.0,1.3388905110957376
1150.0,-0.12391457091132119
1151.0,1.9613524067336512
1152.0,0.9705984096598345
1153.0,2.060616285823469
1154.0,1.9517623544244858
1155.0,0.442363836424925
1156.0,0.8177326402576425
1157.0,1.3503040198765157
1158.0,0.7481572462861491
1159.0,-0.3881106270502077
1160.0,0.43821903980763977
1161.0,0.6310674982533708
1162.0,-1.1318236827403019
1163.0,-1.37165347934243
1164.0,-1.9621076327880589
1165.0,-2.1481716091033167
1166.0,-3.0289933458231055
1167.0,-3.465242510666433
1168.0,0.9339476621464233
1169.0,1.6698131149073456
1170.0,0.2851943840404427
1171.0,1.6345689909889496
1172.0,1.5007438190191944
1173.0,1.1627989628260982
1174.0,1.1156738685993384
1175.0,-0.4184937279853496
1176.0,-2.8894702320512176
1177.0,-3.7985820314558745
1178.0,0.4065506292466731
1179.0,-0.5782568911208107
1180.0,0.5074527683972955
1181.0,1.088905481629397
1182.0,0.7863687514482549
1183.0,-1.1757762794282038
1184.0,-4.108696049010676
1185.0,-1.8240800835840743
1186.0,3.1148796294469805
1187.0,3.2970363209449385
1188.0,-2.3156589702701744
1189.0,1.0331620475972743
1190.0,2.5488235936104022
1191.0,0.43817946044041955
1192.0,-1.2356313307241236
1193.0,2.576581530151843
1194.0,1.229975452519543
1195.0,2.1731237720718135
1196.0,2.4143636378329387
1197.0,1.0741034888857801
1198.0,0.042103313121480114
1199.0,-1.755209198454927
1200.0,0.0497977990663839
1201.0,3.1365151544578374
1202.0,0.2776050098057448
1203.0,0.7128296405594469
1204.0,-0.7188880172213
1205.0,-0.14781618073566
1206.0,1.4157771607662315
1207.0,0.432850193533852
1208.0,0.650760057846484
1209.0,0.2474307250341594
1210.0,2.2179361445941272
1211.0,1.092031053050988
1212.0,-2.2564278333457315
1213.0,-0.889007758613821
1214.0,-0.5764117010094428
1215.0,0.4004366484905748
1216.0,-1.182629141113635
1217.0,-1.9389080955001554
1218.0,0.11016161737134933
1219.0,1.3177159761606858
1220.0,0.9919182349741565
1221.0,1.642313440013977
1222.0,0.23109433635066107
1223.0,2.1332333318236536
1224.0,1.8556209738773306
1225.0,0.6386165337356221
1226.0,0.9783953071035573
1227.0,-0.6382066227457521
1228.0,-1.6641351475989445
1229.0,2.2266137551434597
1230.0,1.3155049138265622
1231.0,-0.7656749533640558
1232.0,-1.5977963626343916
1233.0,-2.601735062663379
1234.0,-1.5586250740353966
1235.0,-1.1096181125525288
1236.0,-1.309872558634441
1237.0,1.0664442429120955
1238.0,0.9740081961107216
1239.0,1.8447177023758667
1240.0,1.5519189626297947
1241.0,-1.5768395217554214
1242.0,0.5471883172939243
1243.0,-0.276956433649567
1244.0,-0.4947071303638209
1245.0,2.331676090924233
1246.0,0.6424879365756793
1247.0,1.4901346500606254
1248.0,0.04073131882129553
1249.0,2.3791038780709735
1250.0,0.9855840760121132
1251.0,-1.8498587032751501
1252.0,-1.9643706020939316
1253.0,2.2212304290510367
1254.0,1.7336753712883666
1255.0,4.323138574943932
1256.0,4.123703655411862
1257.0,1.6454962542572087
1258.0,2.335235560805226
1259.0,0.12382620832727391
1260.0,-0.7183674674192301
1261.0,0.3358203203538542
1262.0,-0.6321453371210943
1263.0,1.1154490118903893
1264.0,0.778932856241581
1265.0,-0.8435353877627486
1266.0,1.8872834070310864
1267.0,-0.9476762419714585
1268.0,1.4285935352930699
1269.0,0.7013470843422093
1270.0,-0.385000761813675
1271.0,3.8479913780820363
1272.0,0.30879362329607135
1273.0,1.0282082683482263
1274.0,0.8989351816332979
1275.0,0.7544723333528184
1276.0,-1.325230849532995
1277.0,1.3597888158347495
1278.0,-1.5759906534523174
1279.0,0.3431609528916221
1280.0,1.73554928078629
1281.0,1.0028960326618046
1282.0,1.5822376734469954
1283.0,2.769461561466009
1284.0,0.09757468321910186
1285.0,0.9009159094027785
1286.0,0.20682601968991463
1287.0,-3.358013903875092
1288.0,-2.928023969122793
1289.0,0.47335068532072
1290.0,3.4008081955496645
1291.0,1.72751678154431
1292.0,1.3726247517157617
1293.0,1.4548584461226481
1294.0,1.6327431902435172
1295.0,1.59523827339709
1296.0,0.7132341900817176
1297.0,0.2708064401038174
1298.0,0.49021474986831304
1299.0,-1.034015522815713
1300.0,-1.4710146502075607
1301.0,-0.3481350702562672
1302.0,0.09744891092347055
1303.0,-1.523881557925798
1304.0,-3.1158758946980325
1305.0,-3.1982222955941597
1306.0,-2.6413199802536504
1307.0,-0.6725079453208992
1308.0,0.6741087561747661
1309.0,2.8549081068526077
1310.0,0.9919746903787134
1311.0,-1.0665000211900524
1312.0,0.249500307184957
1313.0,0.5911927629310271
1314.0,3.06843459973398
1315.0,4.247832655213676
1316.0,3.0005060887615094
1317.0,0.33029893871445365
1318.0,-1.469633951787959
1319.0,-3.250720220081543
1320.0,-0.6253433122344799
1321.0,2.503767421128901
1322.0,1.3672707167442746
1323.0,-0.40321939433633147
1324.0,-1.0105490132549224
1325.0,-1.9726383502774545
1326.0,-2.2091292016576105
1327.0,0.7473643039281429
1328.0,1.4959722124444288
1329.0,1.3421125381440742
1330.0,0.6383340393581917
1331.0,0.3973148357989211
1332.0,-1.2535400275128439
1333.0,-0.28225522023270505
1334.0,-0.17835688204694794
1335.0,1.6347810409960575
1336.0,0.26738050344446773
1337.0,2.0554072192693726
1338.0,1.5042984122611587
1339.0,0.2950589000471344
1340.0,2.074467602491893
1341.0,1.7816149306099265
1342.0,3.3379771817527
1343.0,2.571299877037122
1344.0,1.1337090977906843
1345.0,2.4677397054830927
1346.0,0.857299398261208
1347.0,0.4381579449241193
1348.0,1.107945808564801
1349.0,1.433704672975149
1350.0,3.204432300833331
1351.0,1.0845439849130807
1352.0,-1.0571673758562687
1353.0,-1.790132716133918
1354.0,-0.349104402677252
1355.0,1.0213936073674947
1356.0,2.3070943051630977
1357.0,-0.0219942909986942
1358.0,1.7254507533246524
1359.0,2.2728556346915196
1360.0,-4.0355307136931495
1361.0,-1.7376598665720073
1362.0,3.082258368677495
1363.0,2.5362711785195975
1364.0,1.0453287913152454
1365.0,1.957526970980108
1366.0,2.811232829166819
1367.0,0.9547309517782004
1368.0,0.23428981852594236
1369.0,0.9134908220697283
1370.0,-0.5234462875870626
1371.0,-3.4194300267995352
1372.0,-0.9622560970352965
1373.0,0.2205915462790927
1374.0,1.8748243830703384
1375.0,-1.1583112854220392
1376.0,-0.16356730031940808
1377.0,-0.4344745972618143
1378.0,0.5911424474330753
1379.0,1.0463154014959155
1380.0,0.6101179000838737
1381.0,-0.5888552577079311
1382.0,0.7082259279047257
1383.0,1.3705707798420947
1384.0,-2.0833948956041186
1385.0,-2.951446055621135
1386.0,3.364279768579401
1387.0,4.064971278578733
1388.0,2.2364101903769975
1389.0,0.11737981396379381
1390.0,-1.9493789979109049
1391.0,-0.33828113768606016
1392.0,-1.5273750732166953
1393.0,-5.043906088010161
1394.0,-1.6270980041809189
1395.0,0.21788091934125148
1396.0,-2.549540317575428
1397.0,-2.4880302406934023
1398.0,2.0074471909858844
1399.0,1.4790317792709495
1400.0,1.0587313805067602
1401.0,2.047196784149003
1402.0,1.9750868559157735
1403.0,1.366909418296888
1404.0,0.9851429486001162
1405.0,-0.429335566527062
1406.0,1.1003795764129691
1407.0,-1.8623920520934167
1408.0,-2.045671716285941
1409.0,-0.028893373702250216
1410.0,1.3077661773037805
1411.0,-0.6135707129353232
1412.0,-2.205324631282799
1413.0,-0.10563752902386332
1414.0,0.27685092826572977
1415.0,-0.6172731306901542
1416.0,-2.1354721455444845
1417.0,-4.019954780768968
1418.0,-1.4958507263430145
1419.0,-3.9021065534476604
1420.0,-2.50101888566234
1421.0,-0.345176740410683
1422.0,-2.545753295674616
1423.0,-0.3097209446135909
1424.0,1.01807850112923
1425.0,-0.3171347457329584
1426.0,-0.8850471372993222
1427.0,0.1702255956492848
1428.0,1.9291045849796817
1429.0,1.3708996033103837
1430.0,0.3103943960496846
1431.0,-1.3079984782825576
1432.0,-1.5425892093691602
1433.0,-1.6390423964411174
1434.0,-4.209107672064263
1435.0,-0.1796495977697941
1436.0,1.9453450785491129
1437.0,-0.08374360414967527
1438.0,-1.0055660642565951
1439.0,-1.6409948097646374
1440.0,-1.1277912918689912
1441.0,-0.027614724548394934
1442.0,-3.0386699498131104
1443.0,-1.937439614533093
1444.0,0.46764300331429565
1445.0,0.009486460866056047
1446.0,-1.2912676921787958
1447.0,-3.4263322418069473
1448.0,-1.6445031652508255
1449.0,1.4440141282921115
1450.0,-0.10288289426970577
1451.0,-0.6816011705164904
1452.0,-2.8249224801571007
1453.0,-1.8388571459848324
1454.0,1.1121834270740327
1455.0,1.428838850958045
1456.0,2.9197722335202907
1457.0,-0.37375146747259164
1458.0,-0.6888342579099775
1459.0,-1.126687908123037
1460.0,-1.2961819215937909
1461.0,-3.5999450783059013
1462.0,-4.228789684473434
1463.0,-1.5484642915018958
1464.0,-4.131629943100817
1465.0,-1.3431773448420354
1466.0,-0.38464079926713396
1467.0,-0.42861882674938706
1468.0,0.5926611749880953
1469.0,-0.014268095460004872
1470.0,-1.0861518582449308
1471.0,-0.4442998646860991
1472.0,0.22342919556206636
1473.0,-2.0007813465075888
1474.0,0.6146008137046223
1475.0,2.9594988671343128
1476.0,-2.0907079605524026
1477.0,-1.776503331428119
1478.0,0.322970900272938
1479.0,-0.3964618701000515
1480.0,1.0564238967099788
1481.0,2.9856232304067736
1482.0,0.013851448359943863
1483.0,-1.8860767646088237
1484.0,0.7683759917924229
1485.0,1.9328864698809491
1486.0,-0.4715608011232084
1487.0,2.3195627091707944
1488.0,2.7828337168444177
1489.0,2.2372325417732113
1490.0,0.7332249746533556
1491.0,-1.5803976026748958
1492.0,-0.43974777727187503
1493.0,-1.338498309575578
1494.0,-1.4459325012524853
1495.0,0.1246654879909614
1496.0,3.3206972193605844
1497.0,1.5565764971244054
1498.0,-0.919065747518368
1499.0,0.906396247378639
1500.0,-0.6024345171438258
1501.0,0.3355611748867966
1502.0,-1.708204482975652
1503.0,-5.459068317025162
1504.0,-3.9710708809144233
1505.0,1.4919110597768361
1506.0,0.5380041590623109
1507.0,1.9772524750137743
1508.0,1.2600853253225206
1509.0,1.2275570087764647
1510.0,1.887505467646993
1511.0,1.3462979449051509
1512.0,-0.40744322632430613
1513.0,0.3198477983638418
1514.0,0.814536677111162
1515.0,2.071406687080675
1516.0,-2.674421345280817
1517.0,-5.470112195285341
1518.0,-0.5412142259248026
1519.0,1.140520200221237
1520.0,0.6383467540421075
1521.0,2.5786439999350113
1522.0,0.9595463175556257
1523.0,0.2708750780091771
1524.0,0.396974642130948
1525.0,-1.7990654016031984
1526.0,2.857260952675082
1527.0,2.026749411359459
1528.0,3.2786800026943204
1529.0,3.249301124838186
1530.0,0.08441709396265144
1531.0,-0.6434220183282228
1532.0,-2.6484356197741756
1533.0,-0.03023176897361118
1534.0,-2.6003408218944886
1535.0,0.6685550289922788
1536.0,-1.5305745716810264
1537.0,1.7184972759759445
1538.0,-0.3460117767086327
1539.0,0.9167402947349553
1540.0,-1.6743359708244339
1541.0,1.2333941051477673
1542.0,1.6274380736483958
1543.0,-1.0369847100791456
1544.0,0.5151414309977417
1545.0,0.7276778803727653
1546.0,-1.3133669030996022
1547.0,-0.657557154108782
1548.0,0.22340462829072272
1549.0,1.5937300179130143
1550.0,1.5916424464337269
1551.0,0.17949512445871227
1552.0,0.7647314340065454
1553.0,2.1353958587949826
1554.0,-0.20430663893642306
1555.0,0.7944535199972474
1556.0,-2.76747207836913
1557.0,-0.7994996836616887
1558.0,-0.3273758231322365
1559.0,-1.2300295922058946
1560.0,0.5165971090855253
1561.0,0.7761634994894836
1562.0,4.8640586547995195
1563.0,2.4271046271173873
1564.0,0.815649239380011
1565.0,0.6094907094509887
1566.0,0.5410489296197002
1567.0,-1.7064508708363124
1568.0,1.6399840366435168
1569.0,-0.20870679683523113
1570.0,1.5660025677780984
1571.0,-2.316031795004502
1572.0,-1.8615890516446383
1573.0,0.7655113600745127
1574.0,0.4593661964298354
1575.0,0.20462320129668696
1576.0,1.1472184034887773
1577.0,1.6401866687332878
1578.0,0.7233501058073682
1579.0,2.168280612233893
1580.0,1.4657599270267903
1581.0,1.504709504730411
1582.0,0.11417309426470076
1583.0,0.15663870224768012
1584.0,2.639480995289953
1585.0,3.0850602790625055
1586.0,0.20500319912647788
1587.0,0.09738533554401446
1588.0,2.348796825974569
1589.0,0.7781783952662935
1590.0,-1.9378512386501405
1591.0,2.1897041206844903
1592.0,1.6893040398250887
1593.0,0.2695252161145045
1594.0,1.8846896912568671
1595.0,-1.9820637939113581
1596.0,2.8704663568171567
1597.0,1.8866718793677921
1598.0,1.3693629947514656
1599.0,-0.5052733472885923
1600.0,1.1336474382687411
1601.0,0.612142385608966
1602.0,-1.7145257047103173
1603.0,-2.636274383741774
1604.0,0.39868208881896516
1605.0,1.6667702608031063
1606.0,3.4218975161489475
1607.0,2.1999320744319983
1608.0,1.744104144041941
1609.0,2.664667876024823
1610.0,0.15578329881449876
1611.0,1.602763898828304
1612.0,1.8140016445212614
1613.0,2.8159629053154727
1614.0,-0.06719747609155248
1615.0,-1.665222140754277
1616.0,-1.434882147859499
1617.0,3.446286293410351
1618.0,2.269897235328264
1619.0,-0.08024255669342474
1620.0,1.558853077955887
1621.0,1.7477301770176188
1622.0,0.8895010489882929
1623.0,-2.2876983300327076
1624.0,-2.386448993423645
1625.0,2.1441376997718926
1626.0,0.6923269503785545
1627.0,3.8697605270387205
1628.0,4.272385432966947
1629.0,2.1352405615701415
1630.0,-0.5967394224622996
1631.0,-0.12568125466631583
1632.0,2.3587271273060844
1633.0,1.2572724841441705
1634.0,-1.0586041387515237
1635.0,-1.7947418522972196
1636.0,-3.3588540742841713
1637.0,0.0954166645514659
1638.0,1.8740862279700063
1639.0,1.9212635658586907
1640.0,3.659961467010394
1641.0,2.1978745005349953
1642.0,1.4447407219805473
1643.0,0.42786380416886194
1644.0,-1.719392138481511
1645.0,-1.2121322348613863
1646.0,-0.23341881922812618
1647.0,-0.22130130478622895
1648.0,1.4785683221934363
1649.0,1.644681911636843
1650.0,0.7039137190045085
1651.0,-0.20973533841269054
1652.0,-0.9317402954860616
1653.0,-3.5090997779011746
1654.0,0.9806084386346641
1655.0,1.1949283594858668
1656.0,0.7234232000946921
1657.0,0.10442346846725935
1658.0,-0.10812765979932011
1659.0,-1.7053589735800858
1660.0,0.9950612250242439
1661.0,1.1061151662523485
1662.0,-0.020820576889520784
1663.0,2.701000402362666
1664.0,1.5566871995997082
1665.0,-1.9364982585800066
1666.0,-3.1892815827010206
1667.0,-0.6451558151261899
1668.0,-0.49991090767822266
1669.0,-2.1834242677179887
1670.0,-2.6443275780154485
1671.0,-0.781960693489999
1672.0,-0.40630163812438197
1673.0,3.188029847226689
1674.0,1.67415225428086
1675.0,1.6982013352940863
1676.0,-2.671152710996392
1677.0,1.1018794597683443
1678.0,-0.6284932962189692
1679.0,-1.1126514648487549
1680.0,0.5476971559146488
1681.0,-4.304857496825073
1682.0,0.7755204973839213
1683.0,-1.0175043057572013
1684.0,-3.8374825418844014
1685.0,-2.6188559830518265
1686.0,-0.11009001257059332
1687.0,-0.24646689369479444
1688.0,2.7829387510333774
1689.0,2.687483683531336
1690.0,1.2170012202047977
1691.0,1.2725622267686383
1692.0,1.4661811427347486
1693.0,0.1203086987938721
1694.0,-3.1881070060127246
1695.0,-0.8485216439015152
1696.0,-0.43739311750125365
1697.0,-1.19961060639036
1698.0,1.2777737649090846
1699.0,0.24205378750948206
1700.0,0.5552018456265341
1701.0,-0.3549813858626133
1702.0,-0.02771891357187513
1703.0,1.6808531775520035
1704.0,0.867407589760646
1705.0,-0.6403384906200259
1706.0,-1.2914537097334196
1707.0,-0.008882472533770445
1708.0,-0.3559801201722407
1709.0,-1.0870038367834336
1710.0,1.1400317586958435
1711.0,1.3707612327751952
1712.0,5.372598144443087
1713.0,4.411191143076571
1714.0,1.0442829520404262
1715.0,0.5676113031127537
1716.0,-0.2807484989644424
1717.0,0.767502108411143
1718.0,-2.751929851371296
1719.0,-4.390983862852668
1720.0,0.9063534463254354
1721.0,4.243877802936104
1722.0,1.584540544162504
1723.0,0.3160472559221062
1724.0,2.212188945779353
1725.0,1.3779069122908667
1726.0,0.553563129247317
1727.0,1.8771729014371683
1728.0,-2.33598340080924
1729.0,-0.0832540976800071
1730.0,0.30013788551940646
1731.0,-2.43212772476853
1732.0,1.0839076040164348
1733.0,2.6911430462918884
1734.0,3.8944194688119835
1735.0,2.0232974956942487
1736.0,-0.40061674229788186
1737.0,2.4366436562734637
1738.0,2.1411447610432393
1739.0,0.6582016363801425
1740.0,-0.6410281783201054
1741.0,-2.4838910844494784
1742.0,-2.5139823493293774
1743.0,-0.9858643180046703
1744.0,-2.0748472346820646
1745.0,-1.4176660670053538
1746.0,-0.9991100309718376
1747.0,0.31775861205628064
1748.0,-0.271256848246812
1749.0,0.42646033750191426
1750.0,0.2596789304102555
1751.0,0.9214448803367499
1752.0,-0.3989636476481931
1753.0,-1.7390200597858416
1754.0,0.37168012736583933
1755.0,-2.0578084465993434
1756.0,1.286737721426328
1757.0,-1.3276254566896144
1758.0,0.7354969626819807
1759.0,0.5092622659957559
1760.0,-1.859963122963604
1761.0,0.0011577247889092228
1762.0,-2.2235324630099833
1763.0,2.405254931353938
1764.0,0.6052062541377847
1765.0,1.3253512847756594
1766.0,0.8226229791714933
1767.0,-0.6477952955661539
1768.0,0.3512572889053468
1769.0,1.67766836175322
1770.0,0.8220308584854615
1771.0,-1.0818007162470724
1772.0,-1.0661135304167004
1773.0,-1.5176234421536137
1774.0,-0.04128358763000311
1775.0,0.28265728994462846
1776.0,0.47411003123230805
1777.0,0.606296947402591
1778.0,-1.8566778747260946
1779.0,-1.4709767037947723
1780.0,-1.9832979569763576
1781.0,-2.039546364619576
1782.0,-1.563846701317066
1783.0,-0.28830826836270074
1784.0,-4.478603371900966
1785.0,-2.2917622026310642
1786.0,-0.623918599788147
1787.0,0.12949186313776903
1788.0,-0.8399931276555799
1789.0,0.04361831361107327
1790.0,0.4787731890170065
1791.0,0.08759231173118279
1792.0,0.5966863731200059
1793.0,-2.8730703250981544
1794.0,-0.8930234373810484
1795.0,0.5459755825615099
1796.0,0.3375214055761699
1797.0,0.3922397654461319
1798.0,-0.0032730175058029638
1799.0,-0.40949316534856384
1800.0,-2.173241502685269
1801.0,0.1603544332269483
1802.0,-4.870997923301245
1803.0,-3.6205993240748873
1804.0,-0.33622880310850023
1805.0,-0.016491925523956504
1806.0,-1.7109221459923345
1807.0,-2.5430083571115056
1808.0,0.011559050672803337
1809.0,1.283591481080144
1810.0,-0.6313487542692326
1811.0,-2.860249775710252
1812.0,-0.5552508536205568
1813.0,2.0932680362572507
1814.0,0.45028722767019097
1815.0,-1.0883774790190457
1816.0,0.26776583997793957
1817.0,-0.2673996842630759
1818.0,-2.7987111924659542
1819.0,-1.4226180500497103
1820.0,-1.0722833714556623
1821.0,-0.8554400221302857
1822.0,-3.0759587247571885
1823.0,0.9084084991668984
1824.0,0.5920731272297088
1825.0,-0.021476224054758238
1826.0,-0.6057077007902059
1827.0,-0.7204048329042348
1828.0,1.5881593005787782
1829.0,1.2820679971383857
1830.0,1.3984938065626358
1831.0,2.333131990662912
1832.0,-2.8144734801719262
1833.0,-2.0209036461512726
1834.0,-2.343068084572016
1835.0,-2.630491128593174
1836.0,-1.6183629488483202
1837.0,-0.3862982384212253
1838.0,-1.123823124826506
1839.0,-2.6604722324639427
1840.0,-1.079849288463372
1841.0,-1.093095555686381
1842.0,-1.6616269712770733
1843.0,0.35382335729411624
1844.0,-2.0604136268130104
1845.0,1.7476421262152981
1846.0,-0.927701268135514
1847.0,-1.485392751621605
1848.0,1.3321123537163306
1849.0,-0.139757270724675
1850.0,1.5352582005882534
1851.0,0.46137814356459006
1852.0,0.9609689252196231
1853.0,2.38547405970254
1854.0,0.04605020220901144
1855.0,-0.23059365398533135
1856.0,-1.3019047743218948
1857.0,-2.6871239437213412
1858.0,-3.1697201969664563
1859.0,-0.5585217117656582
1860.0,0.510463730417137
1861.0,-0.0696337326325263
1862.0,-0.7035589079803339
1863.0,-0.2487034122807634
1864.0,-1.6885672855818257
1865.0,-4.140581301028685
1866.0,1.6224015136706502
1867.0,0.888575405046232
1868.0,-1.103472428943317
1869.0,0.33648236071109056
1870.0,-3.4326775848089874
1871.0,2.345334712939384
1872.0,0.5572626232737127
1873.0,-1.3581815542932225
1874.0,-1.644461122168045
1875.0,1.5774569150333164
1876.0,0.769724761219767
1877.0,2.2617917642114547
1878.0,3.3508206089199475
1879.0,2.4077143563245356
1880.0,0.15547467137711726
1881.0,0.07832545170553142
1882.0,1.7903132982437724
1883.0,2.6498826909974573
1884.0,1.494051846873486
1885.0,-0.13346698717121902
1886.0,0.18852859144801004
1887.0,-1.8693243335909475
1888.0,1.1668411201475
1889.0,2.296605909350504
1890.0,2.4084529321240358
1891.0,1.5847551193996223
1892.0,-2.3467166059163707
1893.0,-4.199576109380826
1894.0,1.6606742843613238
1895.0,1.4926130719991688
1896.0,1.5346752288639651
1897.0,1.921942516903418
1898.0,0.514161296696867
1899.0,-1.03740757882831
1900.0,0.8258053903174951
1901.0,1.0813303074063376
1902.0,0.30544756716382865
1903.0,1.553796615676907
1904.0,0.3017084687072823
1905.0,-0.46515594755121603
1906.0,-1.9019691919096369
1907.0,-0.6883299649633935
1908.0,-0.7651656494725301
1909.0,-1.2104170090541568
1910.0,3.0582711333052384
1911.0,-0.3897208840410501
1912.0,2.5742246629423637
1913.0,3.145967773383036
1914.0,2.320989834331404
1915.0,1.3099948484169164
1916.0,2.6967498541336905
1917.0,1.9803726188323132
1918.0,0.19049489615391532
1919.0,-0.6691013601908775
1920.0,-1.3781340865260931
1921.0,-5.119472628702624
1922.0,0.01715885616437894
1923.0,0.5676015076652079
1924.0,3.0559621039669644
1925.0,2.3740238041364
1926.0,3.2657180026324415
1927.0,2.811723903516441
1928.0,-0.44913423640797967
1929.0,0.7883739191054933
1930.0,2.578341055965782
1931.0,4.376855937889934
1932.0,4.334586080382177
1933.0,-1.5085233538390017
1934.0,-3.0894009658729655
1935.0,1.0718244108332737
1936.0,2.986035237026538
1937.0,0.7802088499843826
1938.0,0.24149003935669136
1939.0,2.2123851014563467
1940.0,0.911452898306035
1941.0,0.835351656463579
1942.0,-0.3214617500252098
1943.0,-1.4572274017325952
1944.0,-1.8793009970420615
1945.0,-0.9051344532121485
1946.0,0.7738233016519911
1947.0,-2.4760418980391523
1948.0,-0.9093945447681357
1949.0,-0.8452228487735748
1950.0,0.30566563091206894
1951.0,2.2986027498896413
1952.0,-0.7770352506997118
1953.0,-1.2039545979585877
1954.0,0.8353505451272717
1955.0,1.9173173893478408
1956.0,-0.6791879171776487
1957.0,-0.16263454151049764
1958.0,3.091986406277085
1959.0,0.2629526286970826
1960.0,2.065091625739322
1961.0,0.8409373309694902
1962.0,-2.0264834748022156
1963.0,1.6281071346738138
1964.0,0.07029963852302808
1965.0,1.8680485637264472
1966.0,1.8020242562659385
1967.0,1.109055662222673
1968.0,2.02363080483982
1969.0,2.035463388570938
1970.0,1.0687100333183643
1971.0,1.1210761393137596
1972.0,0.7941916807693962
1973.0,-1.1177500441673276
1974.0,-1.3887812936371473
1975.0,-0.24916305336852518
1976.0,-3.0197608430889114
1977.0,2.0637008509064816
1978.0,0.8409301542800754
1979.0,1.2851889050398793
1980.0,1.9381810335300877
1981.0,1.921083334344759
1982.0,1.6275819030687242
1983.0,1.6407095357708048
1984.0,0.5424182564747375
1985.0,1.0845528071968729
1986.0,0.2218518832633845
1987.0,1.7040012709175842
1988.0,2.222854069758101
1989.0,-0.9471882749779185
1990.0,-1.4506039482425743
1991.0,-1.6606593244576116
1992.0,0.8593430316605689
1993.0,1.0813981904489796
1994.0,2.7607443050082394
1995.0,0.7857018318391543
1996.0,-0.22128899325607398
1997.0,0.7516827940386133
1998.0,-0.311054979095563
1999.0,1.1443443880467046
2000.0,2.1825464731704542
2001.0,3.421807816896361
2002.0,1.6611071788434748
2003.0,-0.9285420068457124
2004.0,-0.40811522382679727
2005.0,-1.2035413911197763
2006.0,-0.007931738767832871
2007.0,1.8805306509731712
2008.0,1.5334734409027642
2009.0,0.2972334863991185
2010.0,0.49235446169968
2011.0,-0.498336899749745
2012.0,0.2690504845813644
